iso_code, name, value
"", "North America", "3860000"
"", "Latin America-Caribbean", "410000"
"", "Europe", "1350000"
"", "Sub-Saharan Africa", "160000"
"", "Middle East-North Africa", "500000"
"", "Asia-Pacific", "481480000"
"AF", "Afghanistan", "<10000"
"AL", "Albania", "<10000"
"AS", "American Samoa", "<10000"
"DZ", "Algeria", "<10000"
"AO", "Angola", "<10000"
"AD", "Andorra", "<10000"
"AI", "Anguilla", "<10000"
"AG", "Antigua and Barbuda", "<10000"
"AM", "Armenia", "<10000"
"AR", "Argentina", "20000"
"AW", "Aruba", "<10000"
"AT", "Austria", "20000"
"AU", "Australia", "600000"
"AZ", "Azerbaijan", "<10000"
"BH", "Bahrain", "30000"
"BS", "Bahamas", "<10000"
"BB", "Barbados", "<10000"
"BE", "Belgium", "30000"
"BD", "Bangladesh", "920000"
"BY", "Belarus", "<10000"
"BZ", "Belize", "<10000"
"BJ", "Benin", "<10000"
"BT", "Bhutan", "540000"
"BM", "Bermuda", "<10000"
"BO", "Bolivia", "<10000"
"BA", "Bosnia-Herzegovina", "<10000"
"BW", "Botswana", "<10000"
"BR", "Brazil", "250000"
"VG", "British Virgin Islands", "<10000"
"BN", "Brunei", "30000"
"BF", "Burkina Faso", "<10000"
"BG", "Bulgaria", "<10000"
"BI", "Burundi", "<10000"
"KH", "Cambodia", "13690000"
"CM", "Cameroon", "<10000"
"CA", "Canada", "280000"
"CV", "Cape Verde", "<10000"
"KY", "Cayman Islands", "<10000"
"CF", "Central African Republic", "<10000"
"TD", "Chad", "<10000"
"GG", "Channel Islands", "<10000"
"CL", "Chile", "10000"
"CN", "China", "244110000"
"CO", "Colombia", "<10000"
"KM", "Comoros", "<10000"
"CG", "Republic of the Congo", "<10000"
"CD", "Democratic Republic of the Congo", "<10000"
"CK", "Cook Islands", "<10000"
"CR", "Costa Rica", "<10000"
"CI", "Ivory Coast", "<10000"
"HR", "Croatia", "<10000"
"CU", "Cuba", "<10000"
"CY", "Cyprus", "<10000"
"CZ", "Czech Republic", "<10000"
"DK", "Denmark", "10000"
"DJ", "Djibouti", "<10000"
"DO", "Dominican Republic", "<10000"
"DM", "Dominica", "<10000"
"EG", "Egypt", "<10000"
"EC", "Ecuador", "<10000"
"GQ", "Equatorial Guinea", "<10000"
"SV", "El Salvador", "<10000"
"EE", "Estonia", "<10000"
"ER", "Eritrea", "<10000"
"ET", "Ethiopia", "<10000"
"FO", "Faeroe Islands", "<10000"
"FJ", "Fiji", "<10000"
"FK", "Falkland Islands (Malvinas)", "<10000"
"FR", "France", "280000"
"FI", "Finland", "<10000"
"PF", "French Polynesia", "<10000"
"GF", "French Guiana", "<10000"
"GM", "Gambia", "<10000"
"GA", "Gabon", "<10000"
"DE", "Germany", "210000"
"GE", "Georgia", "<10000"
"GI", "Gibraltar", "<10000"
"GH", "Ghana", "<10000"
"GL", "Greenland", "<10000"
"GR", "Greece", "<10000"
"GP", "Guadeloupe", "<10000"
"GD", "Grenada", "<10000"
"GU", "Guam", "<10000"
"GT", "Guatemala", "<10000"
"GN", "Guinea", "<10000"
"GW", "Guinea-Bissau", "<10000"
"GY", "Guyana", "<10000"
"HT", "Haiti", "<10000"
"HN", "Honduras", "<10000"
"VA", "Vatican City", "<10000"
"HK", "Hong Kong", "930000"
"HU", "Hungary", "<10000"
"IN", "India", "9250000"
"IS", "Iceland", "<10000"
"IR", "Iran", "<10000"
"ID", "Indonesia", "1720000"
"IE", "Ireland", "<10000"
"IQ", "Iraq", "<10000"
"IL", "Israel", "20000"
"IM", "Isle of Man", "<10000"
"JM", "Jamaica", "<10000"
"IT", "Italy", "110000"
"JO", "Jordan", "20000"
"JP", "Japan", "45820000"
"KE", "Kenya", "<10000"
"KZ", "Kazakhstan", "40000"
"KS", "Kosovo", "<10000"
"KI", "Kiribati", "<10000"
"KG", "Kyrgyzstan", "<10000"
"KW", "Kuwait", "80000"
"LV", "Latvia", "<10000"
"LA", "Laos", "4100000"
"LS", "Lesotho", "<10000"
"LB", "Lebanon", "<10000"
"LY", "Libya", "20000"
"LR", "Liberia", "<10000"
"LT", "Lithuania", "<10000"
"LI", "Liechtenstein", "<10000"
"MO", "Macau", "90000"
"LU", "Luxembourg", "<10000"
"MK", "Republic of Macedonia", "<10000"
"MG", "Madagascar", "<10000"
"MW", "Malawi", "<10000"
"MY", "Malaysia", "5010000"
"ML", "Mali", "<10000"
"MV", "Maldives", "<10000"
"MH", "Marshall Islands", "<10000"
"MT", "Malta", "<10000"
"MQ", "Martinique", "<10000"
"MR", "Mauritania", "<10000"
"YT", "Mayotte", "<10000"
"MU", "Mauritius", "<10000"
"MX", "Mexico", "<10000"
"FM", "Federated States of Micronesia", "<10000"
"MC", "Monaco", "<10000"
"MD", "Moldova", "<10000"
"ME", "Montenegro", "<10000"
"MN", "Mongolia", "1520000"
"MA", "Morocco", "<10000"
"MS", "Montserrat", "<10000"
"MM", "Burma (Myanmar)", "38410000"
"MZ", "Mozambique", "<10000"
"NR", "Nauru", "<10000"
"NA", "Namibia", "<10000"
"NP", "Nepal", "3080000"
"NL", "Netherlands", "40000"
"NZ", "New Zealand", "70000"
"NC", "New Caledonia", "<10000"
"NE", "Niger", "<10000"
"NI", "Nicaragua", "<10000"
"NU", "Niue", "<10000"
"NG", "Nigeria", "10000"
"MP", "Northern Mariana Islands", "<10000"
"KP", "North Korea", "370000"
"NO", "Norway", "30000"
"OM", "Oman", "20000"
"PK", "Pakistan", "20000"
"PW", "Palau", "<10000"
"PA", "Panama", "<10000"
"PS", "Palestinian territories", "<10000"
"PY", "Paraguay", "<10000"
"PG", "Papua New Guinea", "<10000"
"PE", "Peru", "50000"
"PH", "Philippines", "80000"
"PL", "Poland", "<10000"
"PT", "Portugal", "20000"
"PR", "Puerto Rico", "10000"
"QA", "Qatar", "50000"
"RE", "Reunion", "<10000"
"RO", "Romania", "<10000"
"RU", "Russia", "170000"
"RW", "Rwanda", "<10000"
"SH", "St. Helena", "<10000"
"KN", "St. Kitts and Nevis", "<10000"
"PM", "St. Pierre and Miquelon", "<10000"
"WS", "Samoa", "<10000"
"LC", "St. Lucia", "<10000"
"ST", "Sao Tome and Principe", "<10000"
"VC", "St. Vincent and the Grenadines", "<10000"
"SM", "San Marino", "<10000"
"SA", "Saudi Arabia", "90000"
"SN", "Senegal", "<10000"
"RS", "Serbia", "<10000"
"SC", "Seychelles", "<10000"
"SL", "Sierra Leone", "<10000"
"SG", "Singapore", "1730000"
"SK", "Slovakia", "<10000"
"SI", "Slovenia", "<10000"
"SO", "Somalia", "<10000"
"SB", "Solomon Islands", "<10000"
"ZA", "South Africa", "100000"
"KR", "South Korea", "11050000"
"LK", "Sri Lanka", "14450000"
"ES", "Spain", "<10000"
"SR", "Suriname", "<10000"
"SD", "Sudan", "<10000"
"SE", "Sweden", "40000"
"SZ", "Swaziland", "<10000"
"CH", "Switzerland", "40000"
"SY", "Syria", "<10000"
"TW", "Taiwan", "4950000"
"TJ", "Tajikistan", "<10000"
"TZ", "Tanzania", "<10000"
"TH", "Thailand", "64420000"
"TL", "Timor-Leste", "<10000"
"TG", "Togo", "<10000"
"TO", "Tonga", "<10000"
"TK", "Tokelau", "<10000"
"TN", "Tunisia", "<10000"
"TM", "Turkmenistan", "<10000"
"TT", "Trinidad and Tobago", "<10000"
"TR", "Turkey", "40000"
"TV", "Tuvalu", "<10000"
"TC", "Turks and Caicos Islands", "<10000"
"UG", "Uganda", "<10000"
"UA", "Ukraine", "20000"
"AE", "United Arab Emirates", "150000"
"GB", "United Kingdom", "280000"
"US", "United States", "3570000"
"VI", "U.S. Virgin Islands", "<10000"
"UY", "Uruguay", "<10000"
"UZ", "Uzbekistan", "10000"
"VU", "Vanuatu", "<10000"
"VE", "Venezuela", "<10000"
"VN", "Vietnam", "14380000"
"WF", "Wallis and Futuna", "<10000"
"YE", "Yemen", "<10000"
"EH", "Western Sahara", "<10000"
"ZW", "Zimbabwe", "<10000"
"ZM", "Zambia", "<10000"
"CW", "Curacao", "<10000"
"SS", "South Sudan", "<10000"
"SX", "Sint Maarten", "<10000"
"BQ", "Caribbean Netherlands", "<10000"