iso_code, name, value
"", "North America", "3480000"
"", "Latin America-Caribbean", "840000"
"", "Europe", "43470000"
"", "Middle East-North Africa", "317070000"
"", "Sub-Saharan Africa", "248420000"
"AF", "Afghanistan", "31330000"
"", "Asia-Pacific", "986420000"
"DZ", "Algeria", "34730000"
"AL", "Albania", "2570000"
"AD", "Andorra", "<10000"
"AI", "Anguilla", "<10000"
"AS", "American Samoa", "<10000"
"AO", "Angola", "40000"
"AR", "Argentina", "400000"
"AG", "Antigua and Barbuda", "<10000"
"AM", "Armenia", "<10000"
"AU", "Australia", "540000"
"AW", "Aruba", "<10000"
"AZ", "Azerbaijan", "8900000"
"AT", "Austria", "450000"
"BS", "Bahamas", "<10000"
"BD", "Bangladesh", "134430000"
"BY", "Belarus", "20000"
"BH", "Bahrain", "890000"
"BB", "Barbados", "<10000"
"BE", "Belgium", "630000"
"BZ", "Belize", "<10000"
"BM", "Bermuda", "<10000"
"BJ", "Benin", "2110000"
"BT", "Bhutan", "<10000"
"BO", "Bolivia", "<10000"
"BA", "Bosnia-Herzegovina", "1700000"
"BW", "Botswana", "<10000"
"VG", "British Virgin Islands", "<10000"
"BR", "Brazil", "40000"
"BG", "Bulgaria", "1020000"
"BN", "Brunei", "300000"
"BI", "Burundi", "230000"
"BF", "Burkina Faso", "10150000"
"KH", "Cambodia", "280000"
"CM", "Cameroon", "3590000"
"CA", "Canada", "710000"
"CV", "Cape Verde", "<10000"
"CF", "Central African Republic", "370000"
"KY", "Cayman Islands", "<10000"
"GG", "Channel Islands", "<10000"
"TD", "Chad", "6210000"
"CL", "Chile", "<10000"
"CN", "China", "24690000"
"CO", "Colombia", "10000"
"KM", "Comoros", "720000"
"CG", "Republic of the Congo", "50000"
"CD", "Democratic Republic of the Congo", "970000"
"CK", "Cook Islands", "<10000"
"CR", "Costa Rica", "<10000"
"CI", "Ivory Coast", "7390000"
"HR", "Croatia", "60000"
"CY", "Cyprus", "280000"
"CU", "Cuba", "<10000"
"CZ", "Czech Republic", "<10000"
"DK", "Denmark", "230000"
"DM", "Dominica", "<10000"
"DJ", "Djibouti", "860000"
"EC", "Ecuador", "<10000"
"DO", "Dominican Republic", "<10000"
"SV", "El Salvador", "<10000"
"EG", "Egypt", "76990000"
"GQ", "Equatorial Guinea", "30000"
"ER", "Eritrea", "1920000"
"EE", "Estonia", "<10000"
"ET", "Ethiopia", "28680000"
"FK", "Falkland Islands (Malvinas)", "<10000"
"FO", "Faeroe Islands", "<10000"
"FI", "Finland", "40000"
"FJ", "Fiji", "50000"
"GF", "French Guiana", "<10000"
"FR", "France", "4710000"
"GA", "Gabon", "170000"
"PF", "French Polynesia", "<10000"
"GE", "Georgia", "470000"
"GM", "Gambia", "1640000"
"GH", "Ghana", "3860000"
"DE", "Germany", "4760000"
"GR", "Greece", "610000"
"GI", "Gibraltar", "<10000"
"GL", "Greenland", "<10000"
"GD", "Grenada", "<10000"
"GP", "Guadeloupe", "<10000"
"GU", "Guam", "<10000"
"GN", "Guinea", "8430000"
"GT", "Guatemala", "<10000"
"GW", "Guinea-Bissau", "680000"
"HT", "Haiti", "<10000"
"GY", "Guyana", "50000"
"VA", "Vatican City", "<10000"
"HK", "Hong Kong", "130000"
"HN", "Honduras", "10000"
"HU", "Hungary", "<10000"
"IS", "Iceland", "<10000"
"IN", "India", "176200000"
"ID", "Indonesia", "209120000"
"IQ", "Iraq", "31340000"
"IR", "Iran", "73570000"
"IM", "Isle of Man", "<10000"
"IE", "Ireland", "50000"
"IL", "Israel", "1380000"
"IT", "Italy", "2220000"
"JM", "Jamaica", "<10000"
"JP", "Japan", "200000"
"JO", "Jordan", "6010000"
"KZ", "Kazakhstan", "11290000"
"KE", "Kenya", "3920000"
"KI", "Kiribati", "<10000"
"KS", "Kosovo", "1660000"
"KW", "Kuwait", "2030000"
"KG", "Kyrgyzstan", "4690000"
"LA", "Laos", "<10000"
"LV", "Latvia", "<10000"
"LB", "Lebanon", "2590000"
"LS", "Lesotho", "<10000"
"LR", "Liberia", "480000"
"LY", "Libya", "6140000"
"LI", "Liechtenstein", "<10000"
"LT", "Lithuania", "<10000"
"LU", "Luxembourg", "10000"
"MK", "Republic of Macedonia", "810000"
"MO", "Macau", "<10000"
"MG", "Madagascar", "620000"
"MW", "Malawi", "1930000"
"MV", "Maldives", "310000"
"MY", "Malaysia", "18100000"
"MT", "Malta", "<10000"
"ML", "Mali", "14510000"
"MH", "Marshall Islands", "<10000"
"MQ", "Martinique", "<10000"
"MU", "Mauritius", "220000"
"MR", "Mauritania", "3430000"
"MX", "Mexico", "<10000"
"YT", "Mayotte", "200000"
"MD", "Moldova", "20000"
"FM", "Federated States of Micronesia", "<10000"
"MN", "Mongolia", "90000"
"MC", "Monaco", "<10000"
"MS", "Montserrat", "<10000"
"ME", "Montenegro", "120000"
"MA", "Morocco", "31930000"
"MZ", "Mozambique", "4200000"
"MM", "Burma (Myanmar)", "1900000"
"NA", "Namibia", "<10000"
"NR", "Nauru", "<10000"
"NP", "Nepal", "1370000"
"NL", "Netherlands", "1000000"
"NC", "New Caledonia", "<10000"
"NI", "Nicaragua", "<10000"
"NZ", "New Zealand", "50000"
"NG", "Nigeria", "77300000"
"NE", "Niger", "15270000"
"KP", "North Korea", "<10000"
"NO", "Norway", "180000"
"NU", "Niue", "<10000"
"MP", "Northern Mariana Islands", "<10000"
"OM", "Oman", "2390000"
"PK", "Pakistan", "167410000"
"PS", "Palestinian territories", "3940000"
"PW", "Palau", "<10000"
"PG", "Papua New Guinea", "<10000"
"PA", "Panama", "30000"
"PE", "Peru", "<10000"
"PY", "Paraguay", "<10000"
"PH", "Philippines", "5150000"
"PL", "Poland", "<10000"
"PR", "Puerto Rico", "<10000"
"PT", "Portugal", "30000"
"RE", "Reunion", "40000"
"QA", "Qatar", "1190000"
"RU", "Russia", "14290000"
"RO", "Romania", "70000"
"SH", "St. Helena", "<10000"
"RW", "Rwanda", "190000"
"LC", "St. Lucia", "<10000"
"VC", "St. Vincent and the Grenadines", "<10000"
"SM", "San Marino", "<10000"
"KN", "St. Kitts and Nevis", "<10000"
"SA", "Saudi Arabia", "25520000"
"PM", "St. Pierre and Miquelon", "<10000"
"WS", "Samoa", "<10000"
"ST", "Sao Tome and Principe", "<10000"
"SN", "Senegal", "11980000"
"RS", "Serbia", "330000"
"SC", "Seychelles", "<10000"
"SL", "Sierra Leone", "4580000"
"SG", "Singapore", "730000"
"SK", "Slovakia", "<10000"
"SB", "Solomon Islands", "<10000"
"SI", "Slovenia", "70000"
"ZA", "South Africa", "860000"
"SO", "Somalia", "9310000"
"KR", "South Korea", "100000"
"ES", "Spain", "980000"
"LK", "Sri Lanka", "2040000"
"SD", "Sudan", "30490000"
"SZ", "Swaziland", "<10000"
"SR", "Suriname", "80000"
"CH", "Switzerland", "380000"
"SE", "Sweden", "430000"
"TW", "Taiwan", "10000"
"SY", "Syria", "18930000"
"TZ", "Tanzania", "15770000"
"TJ", "Tajikistan", "6650000"
"TL", "Timor-Leste", "<10000"
"TH", "Thailand", "3770000"
"TK", "Tokelau", "<10000"
"TG", "Togo", "840000"
"TT", "Trinidad and Tobago", "80000"
"TR", "Turkey", "71330000"
"TO", "Tonga", "<10000"
"TN", "Tunisia", "10430000"
"TC", "Turks and Caicos Islands", "<10000"
"UG", "Uganda", "3840000"
"TM", "Turkmenistan", "4690000"
"TV", "Tuvalu", "<10000"
"AE", "United Arab Emirates", "5780000"
"UA", "Ukraine", "560000"
"GB", "United Kingdom", "2960000"
"US", "United States", "2770000"
"UY", "Uruguay", "<10000"
"VI", "U.S. Virgin Islands", "<10000"
"VU", "Vanuatu", "<10000"
"UZ", "Uzbekistan", "26550000"
"VN", "Vietnam", "160000"
"VE", "Venezuela", "90000"
"EH", "Western Sahara", "530000"
"WF", "Wallis and Futuna", "<10000"
"YE", "Yemen", "23830000"
"ZM", "Zambia", "70000"
"ZW", "Zimbabwe", "110000"
"SS", "South Sudan", "610000"
"SX", "Sint Maarten", "<10000"
"CW", "Curacao", "<10000"
"BQ", "Caribbean Netherlands", "<10000"