iso_code, name, value
"", "North America", "59040000"
"", "Latin America-Caribbean", "45390000"
"", "Middle East-North Africa", "2100000"
"", "Europe", "139890000"
"", "Sub-Saharan Africa", "26240000"
"", "Asia-Pacific", "858490000"
"AF", "Afghanistan", "<10000"
"DZ", "Algeria", "660000"
"AL", "Albania", "50000"
"AD", "Andorra", "<10000"
"AI", "Anguilla", "<10000"
"AS", "American Samoa", "<10000"
"AO", "Angola", "980000"
"AR", "Argentina", "4920000"
"AG", "Antigua and Barbuda", "<10000"
"AM", "Armenia", "40000"
"AU", "Australia", "5390000"
"AW", "Aruba", "<10000"
"AZ", "Azerbaijan", "<10000"
"AT", "Austria", "1130000"
"BS", "Bahamas", "10000"
"BD", "Bangladesh", "<10000"
"BY", "Belarus", "2740000"
"BH", "Bahrain", "20000"
"BB", "Barbados", "<10000"
"BE", "Belgium", "3110000"
"BZ", "Belize", "30000"
"BM", "Bermuda", "10000"
"BJ", "Benin", "450000"
"BT", "Bhutan", "<10000"
"BO", "Bolivia", "400000"
"BA", "Bosnia-Herzegovina", "90000"
"BW", "Botswana", "410000"
"BR", "Brazil", "15410000"
"VG", "British Virgin Islands", "<10000"
"BG", "Bulgaria", "310000"
"BN", "Brunei", "<10000"
"BI", "Burundi", "<10000"
"BF", "Burkina Faso", "70000"
"KH", "Cambodia", "30000"
"CM", "Cameroon", "1050000"
"CA", "Canada", "8050000"
"CV", "Cape Verde", "50000"
"CF", "Central African Republic", "40000"
"KY", "Cayman Islands", "<10000"
"GG", "Channel Islands", "20000"
"TD", "Chad", "280000"
"CL", "Chile", "1470000"
"CN", "China", "700680000"
"CO", "Colombia", "3050000"
"KM", "Comoros", "<10000"
"CG", "Republic of the Congo", "360000"
"CD", "Democratic Republic of the Congo", "1170000"
"CK", "Cook Islands", "<10000"
"CR", "Costa Rica", "370000"
"CI", "Ivory Coast", "1570000"
"HR", "Croatia", "230000"
"CY", "Cyprus", "10000"
"CU", "Cuba", "2590000"
"CZ", "Czech Republic", "8020000"
"DK", "Denmark", "650000"
"DM", "Dominica", "<10000"
"DJ", "Djibouti", "<10000"
"EC", "Ecuador", "800000"
"DO", "Dominican Republic", "1080000"
"SV", "El Salvador", "680000"
"EG", "Egypt", "<10000"
"ER", "Eritrea", "<10000"
"GQ", "Equatorial Guinea", "30000"
"EE", "Estonia", "800000"
"ET", "Ethiopia", "50000"
"FK", "Falkland Islands (Malvinas)", "<10000"
"FO", "Faeroe Islands", "<10000"
"FI", "Finland", "1020000"
"FJ", "Fiji", "<10000"
"GF", "French Guiana", "<10000"
"FR", "France", "17580000"
"GA", "Gabon", "80000"
"PF", "French Polynesia", "10000"
"GE", "Georgia", "30000"
"GM", "Gambia", "<10000"
"GH", "Ghana", "1020000"
"DE", "Germany", "20350000"
"GR", "Greece", "700000"
"GI", "Gibraltar", "<10000"
"GL", "Greenland", "<10000"
"GD", "Grenada", "<10000"
"GP", "Guadeloupe", "10000"
"GU", "Guam", "<10000"
"GT", "Guatemala", "590000"
"GN", "Guinea", "180000"
"GW", "Guinea-Bissau", "70000"
"GY", "Guyana", "10000"
"VA", "Vatican City", "<10000"
"HK", "Hong Kong", "3950000"
"HT", "Haiti", "1060000"
"HN", "Honduras", "790000"
"HU", "Hungary", "1860000"
"IS", "Iceland", "10000"
"ID", "Indonesia", "240000"
"IN", "India", "870000"
"IQ", "Iraq", "40000"
"IR", "Iran", "110000"
"IM", "Isle of Man", "10000"
"IE", "Ireland", "280000"
"IT", "Italy", "7500000"
"IL", "Israel", "230000"
"JP", "Japan", "72120000"
"JM", "Jamaica", "470000"
"KZ", "Kazakhstan", "670000"
"JO", "Jordan", "<10000"
"KI", "Kiribati", "<10000"
"KE", "Kenya", "1000000"
"KS", "Kosovo", "<10000"
"KW", "Kuwait", "<10000"
"LA", "Laos", "50000"
"KG", "Kyrgyzstan", "20000"
"LV", "Latvia", "990000"
"LB", "Lebanon", "10000"
"LS", "Lesotho", "70000"
"LR", "Liberia", "60000"
"LI", "Liechtenstein", "<10000"
"LY", "Libya", "10000"
"LU", "Luxembourg", "140000"
"LT", "Lithuania", "330000"
"MO", "Macau", "80000"
"MK", "Republic of Macedonia", "30000"
"MG", "Madagascar", "1440000"
"MW", "Malawi", "370000"
"MV", "Maldives", "<10000"
"MY", "Malaysia", "190000"
"MT", "Malta", "10000"
"ML", "Mali", "70000"
"MH", "Marshall Islands", "<10000"
"MQ", "Martinique", "<10000"
"MU", "Mauritius", "<10000"
"MR", "Mauritania", "<10000"
"MX", "Mexico", "5330000"
"YT", "Mayotte", "<10000"
"MD", "Moldova", "50000"
"FM", "Federated States of Micronesia", "<10000"
"MN", "Mongolia", "990000"
"MC", "Monaco", "<10000"
"MS", "Montserrat", "<10000"
"ME", "Montenegro", "20000"
"MZ", "Mozambique", "4200000"
"MA", "Morocco", "<10000"
"MM", "Burma (Myanmar)", "240000"
"NA", "Namibia", "40000"
"NR", "Nauru", "<10000"
"NP", "Nepal", "80000"
"NL", "Netherlands", "6990000"
"NC", "New Caledonia", "30000"
"NI", "Nicaragua", "730000"
"NZ", "New Zealand", "1600000"
"NG", "Nigeria", "680000"
"NE", "Niger", "110000"
"KP", "North Korea", "17350000"
"NO", "Norway", "490000"
"NU", "Niue", "<10000"
"MP", "Northern Mariana Islands", "<10000"
"OM", "Oman", "<10000"
"PK", "Pakistan", "20000"
"PS", "Palestinian territories", "<10000"
"PW", "Palau", "<10000"
"PG", "Papua New Guinea", "<10000"
"PA", "Panama", "170000"
"PE", "Peru", "860000"
"PY", "Paraguay", "70000"
"PH", "Philippines", "90000"
"PL", "Poland", "2150000"
"PT", "Portugal", "800000"
"PR", "Puerto Rico", "70000"
"RE", "Reunion", "20000"
"QA", "Qatar", "20000"
"RO", "Romania", "20000"
"RU", "Russia", "23180000"
"RW", "Rwanda", "380000"
"SH", "St. Helena", "<10000"
"LC", "St. Lucia", "10000"
"VC", "St. Vincent and the Grenadines", "<10000"
"SM", "San Marino", "<10000"
"KN", "St. Kitts and Nevis", "<10000"
"PM", "St. Pierre and Miquelon", "<10000"
"WS", "Samoa", "<10000"
"ST", "Sao Tome and Principe", "20000"
"SA", "Saudi Arabia", "180000"
"SN", "Senegal", "<10000"
"RS", "Serbia", "260000"
"SC", "Seychelles", "<10000"
"SL", "Sierra Leone", "<10000"
"SK", "Slovakia", "780000"
"SG", "Singapore", "830000"
"SB", "Solomon Islands", "<10000"
"SI", "Slovenia", "370000"
"SO", "Somalia", "<10000"
"ZA", "South Africa", "7450000"
"KR", "South Korea", "22340000"
"ES", "Spain", "8740000"
"SD", "Sudan", "350000"
"LK", "Sri Lanka", "<10000"
"SZ", "Swaziland", "120000"
"SR", "Suriname", "30000"
"CH", "Switzerland", "1600000"
"SE", "Sweden", "2540000"
"SY", "Syria", "420000"
"TW", "Taiwan", "2950000"
"TZ", "Tanzania", "650000"
"TJ", "Tajikistan", "100000"
"TL", "Timor-Leste", "<10000"
"TH", "Thailand", "190000"
"TK", "Tokelau", "<10000"
"TG", "Togo", "370000"
"TT", "Trinidad and Tobago", "30000"
"TR", "Turkey", "860000"
"TO", "Tonga", "<10000"
"TN", "Tunisia", "20000"
"TC", "Turks and Caicos Islands", "<10000"
"UG", "Uganda", "170000"
"TM", "Turkmenistan", "30000"
"TV", "Tuvalu", "<10000"
"UA", "Ukraine", "6690000"
"AE", "United Arab Emirates", "90000"
"US", "United States", "50980000"
"GB", "United Kingdom", "17220000"
"UY", "Uruguay", "1370000"
"VI", "U.S. Virgin Islands", "<10000"
"VU", "Vanuatu", "<10000"
"UZ", "Uzbekistan", "220000"
"VN", "Vietnam", "26040000"
"VE", "Venezuela", "2900000"
"EH", "Western Sahara", "<10000"
"WF", "Wallis and Futuna", "<10000"
"ZM", "Zambia", "70000"
"YE", "Yemen", "20000"
"SS", "South Sudan", "50000"
"SX", "Sint Maarten", "<10000"
"ZW", "Zimbabwe", "990000"
"CW", "Curacao", "<10000"
"BQ", "Caribbean Netherlands", "<10000"