iso_code, name, value
"", "North America", "1020000"
"", "Europe", "870000"
"", "Latin America-Caribbean", "10040000"
"", "Middle East-North Africa", "1060000"
"", "Sub-Saharan Africa", "27010000"
"", "Asia-Pacific", "364690000"
"AF", "Afghanistan", "<10000"
"AL", "Albania", "<10000"
"AS", "American Samoa", "<10000"
"DZ", "Algeria", "10000"
"AO", "Angola", "790000"
"AD", "Andorra", "<10000"
"AI", "Anguilla", "<10000"
"AG", "Antigua and Barbuda", "<10000"
"AR", "Argentina", "330000"
"AW", "Aruba", "<10000"
"AM", "Armenia", "<10000"
"AT", "Austria", "<10000"
"AU", "Australia", "150000"
"AZ", "Azerbaijan", "<10000"
"BH", "Bahrain", "<10000"
"BS", "Bahamas", "<10000"
"BB", "Barbados", "<10000"
"BE", "Belgium", "20000"
"BD", "Bangladesh", "100000"
"BY", "Belarus", "<10000"
"BZ", "Belize", "<10000"
"BJ", "Benin", "1600000"
"BT", "Bhutan", "10000"
"BM", "Bermuda", "<10000"
"BA", "Bosnia-Herzegovina", "<10000"
"BO", "Bolivia", "90000"
"BR", "Brazil", "5540000"
"BW", "Botswana", "120000"
"VG", "British Virgin Islands", "<10000"
"BN", "Brunei", "20000"
"BG", "Bulgaria", "<10000"
"BF", "Burkina Faso", "2530000"
"BI", "Burundi", "480000"
"KH", "Cambodia", "80000"
"CM", "Cameroon", "650000"
"CA", "Canada", "390000"
"KY", "Cayman Islands", "<10000"
"CV", "Cape Verde", "<10000"
"CF", "Central African Republic", "40000"
"TD", "Chad", "160000"
"GG", "Channel Islands", "<10000"
"CL", "Chile", "260000"
"CO", "Colombia", "370000"
"CN", "China", "294300000"
"CG", "Republic of the Congo", "110000"
"KM", "Comoros", "<10000"
"CK", "Cook Islands", "<10000"
"CD", "Democratic Republic of the Congo", "490000"
"CI", "Ivory Coast", "2020000"
"CR", "Costa Rica", "40000"
"CU", "Cuba", "1960000"
"HR", "Croatia", "<10000"
"CY", "Cyprus", "<10000"
"CZ", "Czech Republic", "<10000"
"DJ", "Djibouti", "<10000"
"DO", "Dominican Republic", "90000"
"DK", "Denmark", "<10000"
"DM", "Dominica", "<10000"
"EG", "Egypt", "<10000"
"EC", "Ecuador", "40000"
"GQ", "Equatorial Guinea", "10000"
"SV", "El Salvador", "30000"
"EE", "Estonia", "<10000"
"ER", "Eritrea", "20000"
"FO", "Faeroe Islands", "<10000"
"FJ", "Fiji", "<10000"
"ET", "Ethiopia", "2130000"
"FK", "Falkland Islands (Malvinas)", "<10000"
"FI", "Finland", "<10000"
"FR", "France", "220000"
"PF", "French Polynesia", "<10000"
"GF", "French Guiana", "20000"
"GM", "Gambia", "<10000"
"GA", "Gabon", "90000"
"GE", "Georgia", "<10000"
"DE", "Germany", "40000"
"GH", "Ghana", "1200000"
"GI", "Gibraltar", "<10000"
"GL", "Greenland", "<10000"
"GR", "Greece", "10000"
"GP", "Guadeloupe", "<10000"
"GD", "Grenada", "<10000"
"GT", "Guatemala", "80000"
"GU", "Guam", "<10000"
"GN", "Guinea", "270000"
"GW", "Guinea-Bissau", "470000"
"GY", "Guyana", "<10000"
"HT", "Haiti", "220000"
"HN", "Honduras", "80000"
"VA", "Vatican City", "<10000"
"HU", "Hungary", "<10000"
"HK", "Hong Kong", "900000"
"IN", "India", "5850000"
"IS", "Iceland", "<10000"
"ID", "Indonesia", "750000"
"IR", "Iran", "<10000"
"IE", "Ireland", "<10000"
"IQ", "Iraq", "<10000"
"IL", "Israel", "20000"
"IM", "Isle of Man", "<10000"
"JM", "Jamaica", "120000"
"IT", "Italy", "80000"
"JO", "Jordan", "<10000"
"JP", "Japan", "450000"
"KE", "Kenya", "690000"
"KZ", "Kazakhstan", "50000"
"KS", "Kosovo", "<10000"
"KI", "Kiribati", "<10000"
"KG", "Kyrgyzstan", "<10000"
"KW", "Kuwait", "<10000"
"LV", "Latvia", "<10000"
"LA", "Laos", "1910000"
"LS", "Lesotho", "<10000"
"LB", "Lebanon", "<10000"
"LY", "Libya", "<10000"
"LR", "Liberia", "20000"
"LT", "Lithuania", "<10000"
"LI", "Liechtenstein", "<10000"
"MO", "Macau", "320000"
"LU", "Luxembourg", "<10000"
"MG", "Madagascar", "940000"
"MK", "Republic of Macedonia", "<10000"
"MY", "Malaysia", "650000"
"MW", "Malawi", "260000"
"ML", "Mali", "410000"
"MV", "Maldives", "<10000"
"MH", "Marshall Islands", "<10000"
"MT", "Malta", "<10000"
"MR", "Mauritania", "20000"
"MQ", "Martinique", "<10000"
"MU", "Mauritius", "<10000"
"YT", "Mayotte", "<10000"
"MX", "Mexico", "70000"
"FM", "Federated States of Micronesia", "<10000"
"MD", "Moldova", "<10000"
"MC", "Monaco", "<10000"
"MN", "Mongolia", "100000"
"ME", "Montenegro", "<10000"
"MA", "Morocco", "<10000"
"MS", "Montserrat", "<10000"
"MM", "Burma (Myanmar)", "2760000"
"MZ", "Mozambique", "1720000"
"NR", "Nauru", "<10000"
"NA", "Namibia", "<10000"
"NL", "Netherlands", "30000"
"NP", "Nepal", "1100000"
"NZ", "New Zealand", "20000"
"NC", "New Caledonia", "<10000"
"NI", "Nicaragua", "80000"
"NE", "Niger", "<10000"
"NU", "Niue", "<10000"
"NG", "Nigeria", "2290000"
"MP", "Northern Mariana Islands", "<10000"
"KP", "North Korea", "3000000"
"NO", "Norway", "<10000"
"OM", "Oman", "<10000"
"PW", "Palau", "<10000"
"PK", "Pakistan", "30000"
"PS", "Palestinian territories", "<10000"
"PA", "Panama", "20000"
"PG", "Papua New Guinea", "30000"
"PY", "Paraguay", "110000"
"PE", "Peru", "290000"
"PH", "Philippines", "1430000"
"PT", "Portugal", "10000"
"PL", "Poland", "<10000"
"QA", "Qatar", "<10000"
"PR", "Puerto Rico", "30000"
"RE", "Reunion", "<10000"
"RO", "Romania", "<10000"
"RU", "Russia", "310000"
"RW", "Rwanda", "100000"
"KN", "St. Kitts and Nevis", "<10000"
"PM", "St. Pierre and Miquelon", "<10000"
"WS", "Samoa", "<10000"
"SH", "St. Helena", "<10000"
"LC", "St. Lucia", "<10000"
"ST", "Sao Tome and Principe", "<10000"
"VC", "St. Vincent and the Grenadines", "<10000"
"SM", "San Marino", "<10000"
"SA", "Saudi Arabia", "70000"
"SN", "Senegal", "<10000"
"RS", "Serbia", "<10000"
"SC", "Seychelles", "<10000"
"SL", "Sierra Leone", "50000"
"SG", "Singapore", "120000"
"SK", "Slovakia", "<10000"
"SI", "Slovenia", "<10000"
"SB", "Solomon Islands", "<10000"
"SO", "Somalia", "<10000"
"ZA", "South Africa", "210000"
"KR", "South Korea", "400000"
"LK", "Sri Lanka", "<10000"
"ES", "Spain", "20000"
"SR", "Suriname", "30000"
"SD", "Sudan", "950000"
"SE", "Sweden", "20000"
"SZ", "Swaziland", "10000"
"CH", "Switzerland", "<10000"
"SY", "Syria", "<10000"
"TW", "Taiwan", "10260000"
"TJ", "Tajikistan", "<10000"
"TZ", "Tanzania", "800000"
"TH", "Thailand", "60000"
"TG", "Togo", "2150000"
"TL", "Timor-Leste", "<10000"
"TK", "Tokelau", "<10000"
"TO", "Tonga", "<10000"
"TN", "Tunisia", "<10000"
"TM", "Turkmenistan", "<10000"
"TT", "Trinidad and Tobago", "30000"
"TR", "Turkey", "20000"
"TV", "Tuvalu", "<10000"
"TC", "Turks and Caicos Islands", "<10000"
"UG", "Uganda", "290000"
"UA", "Ukraine", "<10000"
"AE", "United Arab Emirates", "<10000"
"GB", "United Kingdom", "60000"
"US", "United States", "630000"
"VI", "U.S. Virgin Islands", "<10000"
"UY", "Uruguay", "30000"
"UZ", "Uzbekistan", "10000"
"VU", "Vanuatu", "<10000"
"VE", "Venezuela", "60000"
"VN", "Vietnam", "39750000"
"WF", "Wallis and Futuna", "<10000"
"YE", "Yemen", "<10000"
"EH", "Western Sahara", "<10000"
"ZW", "Zimbabwe", "480000"
"ZM", "Zambia", "40000"
"CW", "Curacao", "<10000"
"SS", "South Sudan", "3270000"
"SX", "Sint Maarten", "<10000"
"BQ", "Caribbean Netherlands", "<10000"