iso_code, name, value
"", "North America", "88550000"
"", "North America", "10840000"
"", "Latin America-Caribbean", "531280000"
"", "North America", "266630000"
"", "North America", "2290000"
"", "North America", "164960000"
"", "Latin America-Caribbean", "410000"
"", "Latin America-Caribbean", "98460000"
"", "Europe", "255660000"
"", "Europe", "2990000"
"", "Latin America-Caribbean", "425490000"
"", "Latin America-Caribbean", "6920000"
"", "Europe", "553280000"
"", "Europe", "199310000"
"", "Europe", "95320000"
"", "Middle East-North Africa", "12710000"
"", "Middle East-North Africa", "5360000"
"", "Middle East-North Africa", "1740000"
"", "Middle East-North Africa", "5600000"
"", "Middle East-North Africa", "10000"
"", "Sub-Saharan Africa", "517320000"
"", "Sub-Saharan Africa", "39850000"
"", "Sub-Saharan Africa", "300720000"
"", "Asia-Pacific", "130580000"
"", "Asia-Pacific", "2840000"
"", "Sub-Saharan Africa", "171490000"
"", "Sub-Saharan Africa", "5260000"
"", "Asia-Pacific", "287100000"
"AF", "Afghanistan", "30000"
"AF", "Afghanistan", "<10000"
"AF", "Afghanistan", "30000"
"", "Asia-Pacific", "11600000"
"", "Asia-Pacific", "142070000"
"AF", "Afghanistan", "<10000"
"AF", "Afghanistan", "<10000"
"AL", "Albania", "330000"
"AL", "Albania", "<10000"
"DZ", "Algeria", "60000"
"DZ", "Algeria", "<10000"
"DZ", "Algeria", "60000"
"AS", "American Samoa", "10000"
"AS", "American Samoa", "10000"
"AL", "Albania", "580000"
"AL", "Albania", "240000"
"AL", "Albania", "<10000"
"DZ", "Algeria", "<10000"
"DZ", "Algeria", "<10000"
"AS", "American Samoa", "50000"
"AS", "American Samoa", "<10000"
"AD", "Andorra", "70000"
"AD", "Andorra", "<10000"
"AD", "Andorra", "<10000"
"AO", "Angola", "8640000"
"AO", "Angola", "190000"
"AI", "Anguilla", "10000"
"AI", "Anguilla", "<10000"
"AI", "Anguilla", "10000"
"AS", "American Samoa", "30000"
"AD", "Andorra", "70000"
"AD", "Andorra", "<10000"
"AO", "Angola", "17270000"
"AO", "Angola", "<10000"
"AO", "Angola", "8430000"
"AI", "Anguilla", "<10000"
"AI", "Anguilla", "<10000"
"AG", "Antigua and Barbuda", "<10000"
"AG", "Antigua and Barbuda", "<10000"
"AR", "Argentina", "34420000"
"AR", "Argentina", "<10000"
"AR", "Argentina", "2960000"
"AG", "Antigua and Barbuda", "80000"
"AG", "Antigua and Barbuda", "<10000"
"AG", "Antigua and Barbuda", "70000"
"AR", "Argentina", "31020000"
"AR", "Argentina", "440000"
"AM", "Armenia", "3050000"
"AM", "Armenia", "2680000"
"AM", "Armenia", "70000"
"AW", "Aruba", "90000"
"AW", "Aruba", "<10000"
"AU", "Australia", "14980000"
"AU", "Australia", "700000"
"AU", "Australia", "7630000"
"AM", "Armenia", "270000"
"AM", "Armenia", "30000"
"AW", "Aruba", "100000"
"AW", "Aruba", "<10000"
"AW", "Aruba", "<10000"
"AT", "Austria", "6120000"
"AT", "Austria", "30000"
"AZ", "Azerbaijan", "280000"
"AZ", "Azerbaijan", "250000"
"AZ", "Azerbaijan", "20000"
"AU", "Australia", "6200000"
"AU", "Australia", "450000"
"AT", "Austria", "6750000"
"AT", "Austria", "180000"
"AT", "Austria", "420000"
"AZ", "Azerbaijan", "<10000"
"AZ", "Azerbaijan", "<10000"
"BS", "Bahamas", "330000"
"BS", "Bahamas", "<10000"
"BS", "Bahamas", "270000"
"BH", "Bahrain", "110000"
"BH", "Bahrain", "<10000"
"BS", "Bahamas", "50000"
"BS", "Bahamas", "<10000"
"BH", "Bahrain", "180000"
"BH", "Bahrain", "10000"
"BH", "Bahrain", "60000"
"BD", "Bangladesh", "450000"
"BD", "Bangladesh", "<10000"
"BD", "Bangladesh", "280000"
"BB", "Barbados", "10000"
"BB", "Barbados", "<10000"
"BY", "Belarus", "6830000"
"BY", "Belarus", "5900000"
"BY", "Belarus", "90000"
"BE", "Belgium", "6660000"
"BE", "Belgium", "30000"
"BD", "Bangladesh", "180000"
"BD", "Bangladesh", "<10000"
"BB", "Barbados", "260000"
"BB", "Barbados", "<10000"
"BB", "Barbados", "240000"
"BY", "Belarus", "840000"
"BY", "Belarus", "<10000"
"BE", "Belgium", "6880000"
"BE", "Belgium", "50000"
"BE", "Belgium", "150000"
"BZ", "Belize", "160000"
"BZ", "Belize", "<10000"
"BJ", "Benin", "4690000"
"BJ", "Benin", "<10000"
"BJ", "Benin", "2040000"
"BZ", "Belize", "270000"
"BZ", "Belize", "<10000"
"BZ", "Belize", "110000"
"BJ", "Benin", "2630000"
"BJ", "Benin", "20000"
"BM", "Bermuda", "50000"
"BM", "Bermuda", "<10000"
"BM", "Bermuda", "40000"
"BT", "Bhutan", "<10000"
"BT", "Bhutan", "<10000"
"BO", "Bolivia", "9330000"
"BM", "Bermuda", "10000"
"BM", "Bermuda", "<10000"
"BT", "Bhutan", "<10000"
"BT", "Bhutan", "<10000"
"BT", "Bhutan", "<10000"
"BO", "Bolivia", "<10000"
"BO", "Bolivia", "1360000"
"BA", "Bosnia-Herzegovina", "540000"
"BA", "Bosnia-Herzegovina", "<10000"
"BW", "Botswana", "1450000"
"BO", "Bolivia", "7850000"
"BO", "Bolivia", "120000"
"BA", "Bosnia-Herzegovina", "1970000"
"BA", "Bosnia-Herzegovina", "1420000"
"BA", "Bosnia-Herzegovina", "<10000"
"BW", "Botswana", "<10000"
"BW", "Botswana", "1320000"
"BR", "Brazil", "126750000"
"BR", "Brazil", "1660000"
"VG", "British Virgin Islands", "20000"
"VG", "British Virgin Islands", "<10000"
"VG", "British Virgin Islands", "20000"
"BW", "Botswana", "120000"
"BW", "Botswana", "<10000"
"BR", "Brazil", "173300000"
"BR", "Brazil", "130000"
"BR", "Brazil", "44760000"
"VG", "British Virgin Islands", "<10000"
"VG", "British Virgin Islands", "<10000"
"BN", "Brunei", "20000"
"BN", "Brunei", "<10000"
"BG", "Bulgaria", "6150000"
"BG", "Bulgaria", "6070000"
"BG", "Bulgaria", "40000"
"BN", "Brunei", "40000"
"BN", "Brunei", "<10000"
"BN", "Brunei", "20000"
"BG", "Bulgaria", "40000"
"BG", "Bulgaria", "<10000"
"BF", "Burkina Faso", "3710000"
"BF", "Burkina Faso", "3040000"
"BF", "Burkina Faso", "<10000"
"BI", "Burundi", "7670000"
"BI", "Burundi", "<10000"
"BI", "Burundi", "2200000"
"BF", "Burkina Faso", "<10000"
"BF", "Burkina Faso", "670000"
"BI", "Burundi", "5470000"
"BI", "Burundi", "<10000"
"KH", "Cambodia", "<10000"
"KH", "Cambodia", "<10000"
"CM", "Cameroon", "13780000"
"CM", "Cameroon", "<10000"
"CM", "Cameroon", "6150000"
"KH", "Cambodia", "50000"
"KH", "Cambodia", "<10000"
"KH", "Cambodia", "50000"
"CM", "Cameroon", "7510000"
"CM", "Cameroon", "110000"
"CA", "Canada", "13150000"
"CA", "Canada", "530000"
"CV", "Cape Verde", "440000"
"CV", "Cape Verde", "<10000"
"CV", "Cape Verde", "40000"
"CA", "Canada", "23470000"
"CA", "Canada", "470000"
"CA", "Canada", "9320000"
"CV", "Cape Verde", "390000"
"KY", "Cayman Islands", "<10000"
"KY", "Cayman Islands", "<10000"
"CF", "Central African Republic", "3940000"
"CF", "Central African Republic", "<10000"
"CF", "Central African Republic", "2660000"
"CV", "Cape Verde", "10000"
"KY", "Cayman Islands", "50000"
"KY", "Cayman Islands", "<10000"
"KY", "Cayman Islands", "40000"
"CF", "Central African Republic", "1250000"
"CF", "Central African Republic", "20000"
"TD", "Chad", "2560000"
"TD", "Chad", "<10000"
"GG", "Channel Islands", "130000"
"GG", "Channel Islands", "<10000"
"GG", "Channel Islands", "100000"
"TD", "Chad", "4560000"
"TD", "Chad", "<10000"
"TD", "Chad", "2000000"
"GG", "Channel Islands", "30000"
"GG", "Channel Islands", "<10000"
"CL", "Chile", "12280000"
"CL", "Chile", "350000"
"CN", "China", "68410000"
"CN", "China", "20000"
"CN", "China", "59210000"
"CL", "Chile", "15300000"
"CL", "Chile", "10000"
"CL", "Chile", "2660000"
"CN", "China", "9180000"
"CN", "China", "10000"
"CO", "Colombia", "38100000"
"CO", "Colombia", "70000"
"KM", "Comoros", "<10000"
"KM", "Comoros", "<10000"
"CO", "Colombia", "42810000"
"CO", "Colombia", "<10000"
"CO", "Colombia", "4640000"
"KM", "Comoros", "<10000"
"CG", "Republic of the Congo", "1220000"
"CG", "Republic of the Congo", "180000"
"CD", "Democratic Republic of the Congo", "63210000"
"KM", "Comoros", "<10000"
"KM", "Comoros", "<10000"
"CG", "Republic of the Congo", "3470000"
"CG", "Republic of the Congo", "<10000"
"CG", "Republic of the Congo", "2080000"
"CD", "Democratic Republic of the Congo", "<10000"
"CD", "Democratic Republic of the Congo", "31730000"
"CK", "Cook Islands", "<10000"
"CK", "Cook Islands", "<10000"
"CR", "Costa Rica", "4230000"
"CR", "Costa Rica", "<10000"
"CD", "Democratic Republic of the Congo", "31210000"
"CD", "Democratic Republic of the Congo", "260000"
"CK", "Cook Islands", "20000"
"CK", "Cook Islands", "<10000"
"CK", "Cook Islands", "10000"
"CR", "Costa Rica", "1060000"
"CI", "Ivory Coast", "4170000"
"CI", "Ivory Coast", "50000"
"HR", "Croatia", "4110000"
"HR", "Croatia", "200000"
"HR", "Croatia", "10000"
"CR", "Costa Rica", "3110000"
"CR", "Costa Rica", "70000"
"CI", "Ivory Coast", "8710000"
"CI", "Ivory Coast", "80000"
"CI", "Ivory Coast", "4410000"
"HR", "Croatia", "3900000"
"CU", "Cuba", "5820000"
"CU", "Cuba", "160000"
"CY", "Cyprus", "810000"
"CY", "Cyprus", "790000"
"CY", "Cyprus", "<10000"
"HR", "Croatia", "<10000"
"CU", "Cuba", "6670000"
"CU", "Cuba", "50000"
"CU", "Cuba", "640000"
"CY", "Cyprus", "10000"
"CY", "Cyprus", "<10000"
"CZ", "Czech Republic", "2010000"
"CZ", "Czech Republic", "30000"
"DK", "Denmark", "4630000"
"DK", "Denmark", "<10000"
"DK", "Denmark", "4570000"
"CZ", "Czech Republic", "2450000"
"CZ", "Czech Republic", "40000"
"CZ", "Czech Republic", "370000"
"DK", "Denmark", "40000"
"DJ", "Djibouti", "10000"
"DJ", "Djibouti", "<10000"
"DM", "Dominica", "70000"
"DM", "Dominica", "<10000"
"DM", "Dominica", "30000"
"DO", "Dominican Republic", "6600000"
"DO", "Dominican Republic", "70000"
"DK", "Denmark", "20000"
"DJ", "Djibouti", "20000"
"DJ", "Djibouti", "<10000"
"DJ", "Djibouti", "<10000"
"DM", "Dominica", "40000"
"DM", "Dominica", "<10000"
"DO", "Dominican Republic", "8740000"
"DO", "Dominican Republic", "<10000"
"EC", "Ecuador", "13610000"
"EC", "Ecuador", "<10000"
"EC", "Ecuador", "1390000"
"EG", "Egypt", "140000"
"EG", "Egypt", "<10000"
"DO", "Dominican Republic", "2060000"
"EC", "Ecuador", "12060000"
"EC", "Ecuador", "160000"
"EG", "Egypt", "4120000"
"EG", "Egypt", "3710000"
"SV", "El Salvador", "5460000"
"SV", "El Salvador", "<10000"
"SV", "El Salvador", "2210000"
"GQ", "Equatorial Guinea", "570000"
"GQ", "Equatorial Guinea", "<10000"
"EG", "Egypt", "270000"
"SV", "El Salvador", "3160000"
"SV", "El Salvador", "90000"
"GQ", "Equatorial Guinea", "620000"
"GQ", "Equatorial Guinea", "<10000"
"GQ", "Equatorial Guinea", "50000"
"ER", "Eritrea", "3310000"
"ER", "Eritrea", "3030000"
"ER", "Eritrea", "40000"
"EE", "Estonia", "<10000"
"EE", "Estonia", "<10000"
"ET", "Ethiopia", "52070000"
"ER", "Eritrea", "240000"
"ER", "Eritrea", "<10000"
"EE", "Estonia", "540000"
"EE", "Estonia", "240000"
"EE", "Estonia", "270000"
"ET", "Ethiopia", "35710000"
"ET", "Ethiopia", "15750000"
"FO", "Faeroe Islands", "<10000"
"FO", "Faeroe Islands", "<10000"
"FK", "Falkland Islands (Malvinas)", "<10000"
"FK", "Falkland Islands (Malvinas)", "<10000"
"FK", "Falkland Islands (Malvinas)", "<10000"
"FJ", "Fiji", "80000"
"FJ", "Fiji", "20000"
"ET", "Ethiopia", "600000"
"ET", "Ethiopia", "<10000"
"FO", "Faeroe Islands", "50000"
"FO", "Faeroe Islands", "<10000"
"FO", "Faeroe Islands", "50000"
"FK", "Falkland Islands (Malvinas)", "<10000"
"FK", "Falkland Islands (Malvinas)", "<10000"
"FJ", "Fiji", "550000"
"FI", "Finland", "4300000"
"FI", "Finland", "60000"
"FI", "Finland", "4220000"
"FR", "France", "37930000"
"FJ", "Fiji", "<10000"
"FJ", "Fiji", "460000"
"FI", "Finland", "<10000"
"FI", "Finland", "<10000"
"FR", "France", "39560000"
"FR", "France", "130000"
"GF", "French Guiana", "200000"
"GF", "French Guiana", "<10000"
"GF", "French Guiana", "10000"
"PF", "French Polynesia", "110000"
"PF", "French Polynesia", "40000"
"FR", "France", "370000"
"FR", "France", "1120000"
"GF", "French Guiana", "180000"
"GF", "French Guiana", "<10000"
"PF", "French Polynesia", "250000"
"PF", "French Polynesia", "<10000"
"PF", "French Polynesia", "110000"
"GA", "Gabon", "1150000"
"GA", "Gabon", "<10000"
"GA", "Gabon", "360000"
"GM", "Gambia", "50000"
"GM", "Gambia", "<10000"
"GA", "Gabon", "790000"
"GA", "Gabon", "<10000"
"GM", "Gambia", "80000"
"GM", "Gambia", "<10000"
"GE", "Georgia", "3850000"
"GE", "Georgia", "3790000"
"GE", "Georgia", "20000"
"DE", "Germany", "27100000"
"GM", "Gambia", "30000"
"GE", "Georgia", "30000"
"GE", "Georgia", "10000"
"DE", "Germany", "56540000"
"DE", "Germany", "530000"
"GH", "Ghana", "18260000"
"GH", "Ghana", "<10000"
"GH", "Ghana", "14830000"
"DE", "Germany", "1110000"
"DE", "Germany", "27810000"
"GH", "Ghana", "3160000"
"GH", "Ghana", "270000"
"GI", "Gibraltar", "20000"
"GI", "Gibraltar", "<10000"
"GR", "Greece", "10010000"
"GR", "Greece", "9880000"
"GR", "Greece", "30000"
"GL", "Greenland", "<10000"
"GL", "Greenland", "<10000"
"GI", "Gibraltar", "30000"
"GI", "Gibraltar", "<10000"
"GI", "Gibraltar", "<10000"
"GR", "Greece", "80000"
"GR", "Greece", "20000"
"GL", "Greenland", "50000"
"GL", "Greenland", "<10000"
"GL", "Greenland", "50000"
"GD", "Grenada", "100000"
"GD", "Grenada", "<10000"
"GD", "Grenada", "50000"
"GP", "Guadeloupe", "390000"
"GP", "Guadeloupe", "10000"
"GU", "Guam", "170000"
"GU", "Guam", "<10000"
"GU", "Guam", "30000"
"GD", "Grenada", "50000"
"GD", "Grenada", "<10000"
"GP", "Guadeloupe", "440000"
"GP", "Guadeloupe", "<10000"
"GP", "Guadeloupe", "30000"
"GU", "Guam", "140000"
"GT", "Guatemala", "8370000"
"GT", "Guatemala", "200000"
"GN", "Guinea", "1090000"
"GN", "Guinea", "<10000"
"GN", "Guinea", "340000"
"GU", "Guam", "<10000"
"GT", "Guatemala", "13690000"
"GT", "Guatemala", "<10000"
"GT", "Guatemala", "5120000"
"GN", "Guinea", "750000"
"GN", "Guinea", "<10000"
"GW", "Guinea-Bissau", "270000"
"GW", "Guinea-Bissau", "<10000"
"GW", "Guinea-Bissau", "300000"
"GW", "Guinea-Bissau", "<10000"
"GW", "Guinea-Bissau", "30000"
"GY", "Guyana", "100000"
"GY", "Guyana", "<10000"
"HT", "Haiti", "8690000"
"HT", "Haiti", "<10000"
"HT", "Haiti", "2960000"
"GY", "Guyana", "500000"
"GY", "Guyana", "10000"
"GY", "Guyana", "380000"
"HT", "Haiti", "5670000"
"HT", "Haiti", "60000"
"VA", "Vatican City", "<10000"
"VA", "Vatican City", "<10000"
"VA", "Vatican City", "<10000"
"HN", "Honduras", "3820000"
"HN", "Honduras", "50000"
"HK", "Hong Kong", "1010000"
"HK", "Hong Kong", "<10000"
"HK", "Hong Kong", "810000"
"VA", "Vatican City", "<10000"
"VA", "Vatican City", "<10000"
"HN", "Honduras", "6660000"
"HN", "Honduras", "<10000"
"HN", "Honduras", "2780000"
"HK", "Hong Kong", "200000"
"HK", "Hong Kong", "<10000"
"HU", "Hungary", "5930000"
"HU", "Hungary", "30000"
"HU", "Hungary", "8090000"
"HU", "Hungary", "20000"
"HU", "Hungary", "2110000"
"IS", "Iceland", "300000"
"IS", "Iceland", "<10000"
"IS", "Iceland", "290000"
"IN", "India", "10330000"
"IN", "India", "50000"
"IS", "Iceland", "10000"
"IS", "Iceland", "<10000"
"IN", "India", "31130000"
"IN", "India", "2320000"
"IN", "India", "18440000"
"ID", "Indonesia", "23660000"
"ID", "Indonesia", "<10000"
"ID", "Indonesia", "16640000"
"ID", "Indonesia", "6970000"
"ID", "Indonesia", "50000"
"IR", "Iran", "<10000"
"IR", "Iran", "<10000"
"IQ", "Iraq", "270000"
"IQ", "Iraq", "50000"
"IQ", "Iraq", "110000"
"IE", "Ireland", "3830000"
"IE", "Ireland", "<10000"
"IR", "Iran", "110000"
"IR", "Iran", "80000"
"IR", "Iran", "20000"
"IQ", "Iraq", "110000"
"IQ", "Iraq", "<10000"
"IE", "Ireland", "4110000"
"IM", "Isle of Man", "70000"
"IM", "Isle of Man", "<10000"
"IM", "Isle of Man", "60000"
"IL", "Israel", "90000"
"IL", "Israel", "<10000"
"IE", "Ireland", "40000"
"IE", "Ireland", "230000"
"IM", "Isle of Man", "<10000"
"IM", "Isle of Man", "<10000"
"IL", "Israel", "150000"
"IL", "Israel", "30000"
"IL", "Israel", "30000"
"IT", "Italy", "50440000"
"IT", "Italy", "110000"
"IT", "Italy", "780000"
"JM", "Jamaica", "70000"
"JM", "Jamaica", "40000"
"IT", "Italy", "49170000"
"IT", "Italy", "380000"
"JM", "Jamaica", "2120000"
"JM", "Jamaica", "<10000"
"JM", "Jamaica", "2000000"
"JP", "Japan", "2030000"
"JP", "Japan", "20000"
"JP", "Japan", "970000"
"JO", "Jordan", "20000"
"JO", "Jordan", "<10000"
"JP", "Japan", "430000"
"JP", "Japan", "610000"
"JO", "Jordan", "130000"
"JO", "Jordan", "90000"
"JO", "Jordan", "20000"
"KZ", "Kazakhstan", "3970000"
"KZ", "Kazakhstan", "3240000"
"KZ", "Kazakhstan", "300000"
"KE", "Kenya", "8970000"
"KE", "Kenya", "560000"
"KZ", "Kazakhstan", "360000"
"KZ", "Kazakhstan", "70000"
"KE", "Kenya", "34340000"
"KE", "Kenya", "650000"
"KE", "Kenya", "24160000"
"KI", "Kiribati", "90000"
"KI", "Kiribati", "<10000"
"KI", "Kiribati", "40000"
"KS", "Kosovo", "30000"
"KS", "Kosovo", "<10000"
"KI", "Kiribati", "50000"
"KI", "Kiribati", "<10000"
"KS", "Kosovo", "110000"
"KS", "Kosovo", "80000"
"KS", "Kosovo", "<10000"
"KW", "Kuwait", "390000"
"KW", "Kuwait", "130000"
"KW", "Kuwait", "30000"
"KG", "Kyrgyzstan", "<10000"
"KG", "Kyrgyzstan", "20000"
"KW", "Kuwait", "230000"
"KW", "Kuwait", "<10000"
"KG", "Kyrgyzstan", "610000"
"KG", "Kyrgyzstan", "500000"
"KG", "Kyrgyzstan", "90000"
"LA", "Laos", "90000"
"LA", "Laos", "<10000"
"LA", "Laos", "60000"
"LV", "Latvia", "430000"
"LV", "Latvia", "<10000"
"LA", "Laos", "30000"
"LA", "Laos", "<10000"
"LV", "Latvia", "1260000"
"LV", "Latvia", "370000"
"LV", "Latvia", "450000"
"LB", "Lebanon", "1620000"
"LB", "Lebanon", "350000"
"LB", "Lebanon", "40000"
"LS", "Lesotho", "990000"
"LS", "Lesotho", "20000"
"LB", "Lebanon", "1220000"
"LB", "Lebanon", "<10000"
"LS", "Lesotho", "2100000"
"LS", "Lesotho", "<10000"
"LS", "Lesotho", "1080000"
"LR", "Liberia", "3430000"
"LR", "Liberia", "40000"
"LR", "Liberia", "3050000"
"LY", "Libya", "100000"
"LY", "Libya", "<10000"
"LI", "Liechtenstein", "30000"
"LR", "Liberia", "290000"
"LR", "Liberia", "60000"
"LY", "Libya", "170000"
"LY", "Libya", "70000"
"LY", "Libya", "10000"
"LI", "Liechtenstein", "<10000"
"LI", "Liechtenstein", "<10000"
"LT", "Lithuania", "2760000"
"LT", "Lithuania", "<10000"
"LI", "Liechtenstein", "30000"
"LI", "Liechtenstein", "<10000"
"LT", "Lithuania", "2980000"
"LT", "Lithuania", "170000"
"LT", "Lithuania", "50000"
"LU", "Luxembourg", "360000"
"LU", "Luxembourg", "<10000"
"LU", "Luxembourg", "20000"
"MO", "Macau", "30000"
"MO", "Macau", "<10000"
"MK", "Republic of Macedonia", "1220000"
"MK", "Republic of Macedonia", "1210000"
"MK", "Republic of Macedonia", "<10000"
"LU", "Luxembourg", "330000"
"LU", "Luxembourg", "<10000"
"MO", "Macau", "40000"
"MO", "Macau", "<10000"
"MO", "Macau", "<10000"
"MK", "Republic of Macedonia", "<10000"
"MK", "Republic of Macedonia", "<10000"
"MG", "Madagascar", "7890000"
"MG", "Madagascar", "230000"
"MW", "Malawi", "12320000"
"MG", "Madagascar", "17680000"
"MG", "Madagascar", "80000"
"MG", "Madagascar", "9480000"
"MW", "Malawi", "<10000"
"MW", "Malawi", "8200000"
"MY", "Malaysia", "1370000"
"MY", "Malaysia", "10000"
"MW", "Malawi", "3900000"
"MW", "Malawi", "220000"
"MY", "Malaysia", "2670000"
"MY", "Malaysia", "<10000"
"MY", "Malaysia", "1280000"
"MV", "Maldives", "<10000"
"MV", "Maldives", "<10000"
"MV", "Maldives", "<10000"
"ML", "Mali", "240000"
"ML", "Mali", "<10000"
"MV", "Maldives", "<10000"
"MV", "Maldives", "<10000"
"ML", "Mali", "370000"
"ML", "Mali", "20000"
"ML", "Mali", "100000"
"MT", "Malta", "400000"
"MT", "Malta", "<10000"
"MT", "Malta", "<10000"
"MH", "Marshall Islands", "<10000"
"MH", "Marshall Islands", "<10000"
"MQ", "Martinique", "390000"
"MT", "Malta", "400000"
"MT", "Malta", "<10000"
"MH", "Marshall Islands", "50000"
"MH", "Marshall Islands", "<10000"
"MH", "Marshall Islands", "50000"
"MQ", "Martinique", "<10000"
"MQ", "Martinique", "40000"
"MR", "Mauritania", "<10000"
"MR", "Mauritania", "<10000"
"MU", "Mauritius", "420000"
"MU", "Mauritius", "<10000"
"MU", "Mauritius", "20000"
"YT", "Mayotte", "<10000"
"MQ", "Martinique", "340000"
"MQ", "Martinique", "<10000"
"MR", "Mauritania", "<10000"
"MR", "Mauritania", "<10000"
"MR", "Mauritania", "<10000"
"MU", "Mauritius", "400000"
"MU", "Mauritius", "<10000"
"YT", "Mayotte", "<10000"
"MX", "Mexico", "107910000"
"MX", "Mexico", "110000"
"MX", "Mexico", "9400000"
"YT", "Mayotte", "<10000"
"YT", "Mayotte", "<10000"
"YT", "Mayotte", "<10000"
"MX", "Mexico", "96450000"
"MX", "Mexico", "1950000"
"FM", "Federated States of Micronesia", "60000"
"FM", "Federated States of Micronesia", "<10000"
"MD", "Moldova", "3480000"
"MD", "Moldova", "3410000"
"MD", "Moldova", "50000"
"FM", "Federated States of Micronesia", "110000"
"FM", "Federated States of Micronesia", "<10000"
"FM", "Federated States of Micronesia", "50000"
"MD", "Moldova", "<10000"
"MD", "Moldova", "20000"
"MC", "Monaco", "30000"
"MC", "Monaco", "<10000"
"MN", "Mongolia", "60000"
"MN", "Mongolia", "<10000"
"MN", "Mongolia", "40000"
"MC", "Monaco", "30000"
"MC", "Monaco", "<10000"
"MC", "Monaco", "<10000"
"MN", "Mongolia", "<10000"
"MN", "Mongolia", "10000"
"ME", "Montenegro", "20000"
"ME", "Montenegro", "<10000"
"MS", "Montserrat", "<10000"
"MS", "Montserrat", "<10000"
"MS", "Montserrat", "<10000"
"MA", "Morocco", "10000"
"MA", "Morocco", "<10000"
"ME", "Montenegro", "490000"
"ME", "Montenegro", "470000"
"ME", "Montenegro", "<10000"
"MS", "Montserrat", "<10000"
"MS", "Montserrat", "<10000"
"MA", "Morocco", "20000"
"MA", "Morocco", "<10000"
"MA", "Morocco", "<10000"
"MZ", "Mozambique", "13260000"
"MZ", "Mozambique", "<10000"
"MZ", "Mozambique", "6390000"
"MM", "Burma (Myanmar)", "610000"
"MM", "Burma (Myanmar)", "10000"
"MZ", "Mozambique", "6700000"
"MZ", "Mozambique", "160000"
"MM", "Burma (Myanmar)", "3750000"
"MM", "Burma (Myanmar)", "<10000"
"MM", "Burma (Myanmar)", "3140000"
"NA", "Namibia", "2230000"
"NA", "Namibia", "<10000"
"NA", "Namibia", "1670000"
"NR", "Nauru", "<10000"
"NR", "Nauru", "<10000"
"NP", "Nepal", "140000"
"NP", "Nepal", "<10000"
"NP", "Nepal", "140000"
"NA", "Namibia", "540000"
"NA", "Namibia", "<10000"
"NR", "Nauru", "<10000"
"NR", "Nauru", "<10000"
"NR", "Nauru", "<10000"
"NP", "Nepal", "<10000"
"NL", "Netherlands", "4780000"
"NL", "Netherlands", "40000"
"NP", "Nepal", "<10000"
"NL", "Netherlands", "8410000"
"NL", "Netherlands", "<10000"
"NL", "Netherlands", "3590000"
"NC", "New Caledonia", "210000"
"NC", "New Caledonia", "<10000"
"NC", "New Caledonia", "80000"
"NZ", "New Zealand", "610000"
"NZ", "New Zealand", "130000"
"NC", "New Caledonia", "130000"
"NC", "New Caledonia", "<10000"
"NZ", "New Zealand", "2490000"
"NZ", "New Zealand", "<10000"
"NZ", "New Zealand", "1740000"
"NI", "Nicaragua", "4970000"
"NI", "Nicaragua", "<10000"
"NI", "Nicaragua", "1530000"
"NI", "Nicaragua", "3380000"
"NI", "Nicaragua", "50000"
"NE", "Niger", "30000"
"NE", "Niger", "<10000"
"NG", "Nigeria", "78050000"
"NG", "Nigeria", "40000"
"NG", "Nigeria", "59860000"
"NU", "Niue", "<10000"
"NU", "Niue", "<10000"
"NE", "Niger", "120000"
"NE", "Niger", "<10000"
"NE", "Niger", "90000"
"NG", "Nigeria", "17350000"
"NG", "Nigeria", "810000"
"NU", "Niue", "<10000"
"KP", "North Korea", "480000"
"KP", "North Korea", "<10000"
"KP", "North Korea", "440000"
"MP", "Northern Mariana Islands", "30000"
"MP", "Northern Mariana Islands", "<10000"
"NO", "Norway", "4140000"
"NO", "Norway", "20000"
"NO", "Norway", "4000000"
"NU", "Niue", "<10000"
"NU", "Niue", "<10000"
"KP", "North Korea", "40000"
"KP", "North Korea", "<10000"
"MP", "Northern Mariana Islands", "40000"
"MP", "Northern Mariana Islands", "<10000"
"MP", "Northern Mariana Islands", "<10000"
"NO", "Norway", "90000"
"NO", "Norway", "30000"
"OM", "Oman", "110000"
"OM", "Oman", "<10000"
"PK", "Pakistan", "2750000"
"PK", "Pakistan", "<10000"
"PK", "Pakistan", "1940000"
"OM", "Oman", "180000"
"OM", "Oman", "30000"
"OM", "Oman", "40000"
"PK", "Pakistan", "810000"
"PW", "Palau", "10000"
"PW", "Palau", "<10000"
"PS", "Palestinian territories", "100000"
"PS", "Palestinian territories", "50000"
"PS", "Palestinian territories", "30000"
"PK", "Pakistan", "<10000"
"PW", "Palau", "20000"
"PW", "Palau", "<10000"
"PW", "Palau", "<10000"
"PS", "Palestinian territories", "20000"
"PS", "Palestinian territories", "<10000"
"PA", "Panama", "2650000"
"PA", "Panama", "50000"
"PG", "Papua New Guinea", "6800000"
"PG", "Papua New Guinea", "<10000"
"PG", "Papua New Guinea", "4690000"
"PA", "Panama", "3270000"
"PA", "Panama", "<10000"
"PA", "Panama", "580000"
"PG", "Papua New Guinea", "2060000"
"PG", "Papua New Guinea", "50000"
"PY", "Paraguay", "5780000"
"PY", "Paraguay", "60000"
"PE", "Peru", "27780000"
"PE", "Peru", "<10000"
"PE", "Peru", "3630000"
"PY", "Paraguay", "6250000"
"PY", "Paraguay", "<10000"
"PY", "Paraguay", "410000"
"PE", "Peru", "23610000"
"PE", "Peru", "520000"
"PH", "Philippines", "75570000"
"PH", "Philippines", "820000"
"PL", "Poland", "36100000"
"PL", "Poland", "510000"
"PL", "Poland", "160000"
"PH", "Philippines", "86370000"
"PH", "Philippines", "<10000"
"PH", "Philippines", "9980000"
"PT", "Portugal", "9570000"
"PT", "Portugal", "60000"
"PR", "Puerto Rico", "3630000"
"PR", "Puerto Rico", "<10000"
"PR", "Puerto Rico", "940000"
"PL", "Poland", "35310000"
"PL", "Poland", "130000"
"PT", "Portugal", "9810000"
"PT", "Portugal", "20000"
"PT", "Portugal", "160000"
"PR", "Puerto Rico", "2610000"
"PR", "Puerto Rico", "70000"
"QA", "Qatar", "190000"
"QA", "Qatar", "<10000"
"RE", "Reunion", "740000"
"RE", "Reunion", "<10000"
"RE", "Reunion", "60000"
"QA", "Qatar", "240000"
"QA", "Qatar", "<10000"
"QA", "Qatar", "50000"
"RE", "Reunion", "680000"
"RE", "Reunion", "<10000"
"RO", "Romania", "1220000"
"RO", "Romania", "70000"
"RU", "Russia", "104750000"
"RU", "Russia", "101000000"
"RU", "Russia", "2550000"
"RO", "Romania", "21380000"
"RO", "Romania", "18740000"
"RO", "Romania", "1350000"
"RU", "Russia", "730000"
"RU", "Russia", "470000"
"RW", "Rwanda", "5260000"
"RW", "Rwanda", "50000"
"SH", "St. Helena", "<10000"
"SH", "St. Helena", "<10000"
"SH", "St. Helena", "<10000"
"RW", "Rwanda", "9920000"
"RW", "Rwanda", "<10000"
"RW", "Rwanda", "4610000"
"SH", "St. Helena", "<10000"
"SH", "St. Helena", "<10000"
"KN", "St. Kitts and Nevis", "<10000"
"KN", "St. Kitts and Nevis", "<10000"
"LC", "St. Lucia", "160000"
"LC", "St. Lucia", "<10000"
"LC", "St. Lucia", "50000"
"PM", "St. Pierre and Miquelon", "<10000"
"PM", "St. Pierre and Miquelon", "<10000"
"VC", "St. Vincent and the Grenadines", "100000"
"VC", "St. Vincent and the Grenadines", "<10000"
"VC", "St. Vincent and the Grenadines", "90000"
"WS", "Samoa", "40000"
"WS", "Samoa", "30000"
"SM", "San Marino", "30000"
"SM", "San Marino", "<10000"
"SM", "San Marino", "<10000"
"KN", "St. Kitts and Nevis", "50000"
"KN", "St. Kitts and Nevis", "<10000"
"KN", "St. Kitts and Nevis", "40000"
"LC", "St. Lucia", "110000"
"LC", "St. Lucia", "<10000"
"PM", "St. Pierre and Miquelon", "<10000"
"PM", "St. Pierre and Miquelon", "<10000"
"ST", "Sao Tome and Principe", "120000"
"ST", "Sao Tome and Principe", "<10000"
"SA", "Saudi Arabia", "1200000"
"SA", "Saudi Arabia", "50000"
"SA", "Saudi Arabia", "100000"
"PM", "St. Pierre and Miquelon", "<10000"
"VC", "St. Vincent and the Grenadines", "<10000"
"VC", "St. Vincent and the Grenadines", "<10000"
"WS", "Samoa", "180000"
"WS", "Samoa", "<10000"
"WS", "Samoa", "120000"
"SM", "San Marino", "30000"
"SM", "San Marino", "<10000"
"ST", "Sao Tome and Principe", "140000"
"ST", "Sao Tome and Principe", "<10000"
"ST", "Sao Tome and Principe", "20000"
"SA", "Saudi Arabia", "1050000"
"SA", "Saudi Arabia", "<10000"
"SN", "Senegal", "420000"
"SN", "Senegal", "<10000"
"RS", "Serbia", "7490000"
"RS", "Serbia", "6940000"
"RS", "Serbia", "110000"
"SN", "Senegal", "450000"
"SN", "Senegal", "<10000"
"SN", "Senegal", "20000"
"RS", "Serbia", "450000"
"RS", "Serbia", "<10000"
"SC", "Seychelles", "80000"
"SC", "Seychelles", "<10000"
"SL", "Sierra Leone", "1230000"
"SL", "Sierra Leone", "<10000"
"SL", "Sierra Leone", "800000"
"SC", "Seychelles", "90000"
"SC", "Seychelles", "<10000"
"SC", "Seychelles", "<10000"
"SL", "Sierra Leone", "410000"
"SL", "Sierra Leone", "10000"
"SG", "Singapore", "360000"
"SG", "Singapore", "<10000"
"SG", "Singapore", "920000"
"SG", "Singapore", "<10000"
"SG", "Singapore", "550000"
"SK", "Slovakia", "4660000"
"SK", "Slovakia", "50000"
"SK", "Slovakia", "530000"
"SK", "Slovakia", "4060000"
"SK", "Slovakia", "20000"
"SI", "Slovenia", "1500000"
"SI", "Slovenia", "<10000"
"SB", "Solomon Islands", "520000"
"SB", "Solomon Islands", "<10000"
"SB", "Solomon Islands", "410000"
"SO", "Somalia", "<10000"
"SI", "Slovenia", "1590000"
"SI", "Slovenia", "60000"
"SI", "Slovenia", "20000"
"SB", "Solomon Islands", "100000"
"SB", "Solomon Islands", "<10000"
"SO", "Somalia", "<10000"
"ZA", "South Africa", "40710000"
"ZA", "South Africa", "30000"
"ZA", "South Africa", "36680000"
"SO", "Somalia", "<10000"
"SO", "Somalia", "<10000"
"SO", "Somalia", "<10000"
"ZA", "South Africa", "3690000"
"ZA", "South Africa", "300000"
"KR", "South Korea", "5300000"
"KR", "South Korea", "260000"
"KR", "South Korea", "14170000"
"KR", "South Korea", "<10000"
"KR", "South Korea", "8610000"
"ES", "Spain", "36240000"
"ES", "Spain", "900000"
"ES", "Spain", "460000"
"LK", "Sri Lanka", "1350000"
"LK", "Sri Lanka", "<10000"
"ES", "Spain", "34670000"
"ES", "Spain", "210000"
"LK", "Sri Lanka", "1530000"
"LK", "Sri Lanka", "<10000"
"LK", "Sri Lanka", "180000"
"SD", "Sudan", "1810000"
"SD", "Sudan", "90000"
"SD", "Sudan", "720000"
"SR", "Suriname", "150000"
"SR", "Suriname", "<10000"
"SD", "Sudan", "1000000"
"SD", "Sudan", "<10000"
"SR", "Suriname", "270000"
"SR", "Suriname", "<10000"
"SR", "Suriname", "110000"
"SZ", "Swaziland", "1040000"
"SZ", "Swaziland", "<10000"
"SZ", "Swaziland", "980000"
"SE", "Sweden", "110000"
"SE", "Sweden", "40000"
"SZ", "Swaziland", "60000"
"SZ", "Swaziland", "<10000"
"SE", "Sweden", "6310000"
"SE", "Sweden", "120000"
"CH", "Switzerland", "5570000"
"CH", "Switzerland", "130000"
"CH", "Switzerland", "2470000"
"SE", "Sweden", "6040000"
"CH", "Switzerland", "2950000"
"CH", "Switzerland", "20000"
"SY", "Syria", "430000"
"SY", "Syria", "<10000"
"TW", "Taiwan", "1280000"
"TW", "Taiwan", "<10000"
"TW", "Taiwan", "940000"
"SY", "Syria", "1060000"
"SY", "Syria", "590000"
"SY", "Syria", "40000"
"TW", "Taiwan", "320000"
"TW", "Taiwan", "20000"
"TJ", "Tajikistan", "<10000"
"TJ", "Tajikistan", "<10000"
"TZ", "Tanzania", "27540000"
"TZ", "Tanzania", "10000"
"TZ", "Tanzania", "13040000"
"TJ", "Tajikistan", "110000"
"TJ", "Tajikistan", "90000"
"TJ", "Tajikistan", "10000"
"TZ", "Tanzania", "14080000"
"TZ", "Tanzania", "410000"
"TH", "Thailand", "260000"
"TH", "Thailand", "20000"
"TL", "Timor-Leste", "1120000"
"TL", "Timor-Leste", "<10000"
"TL", "Timor-Leste", "20000"
"TH", "Thailand", "600000"
"TH", "Thailand", "<10000"
"TH", "Thailand", "320000"
"TL", "Timor-Leste", "1100000"
"TL", "Timor-Leste", "<10000"
"TG", "Togo", "1570000"
"TG", "Togo", "40000"
"TK", "Tokelau", "<10000"
"TK", "Tokelau", "<10000"
"TK", "Tokelau", "<10000"
"TG", "Togo", "2640000"
"TG", "Togo", "<10000"
"TG", "Togo", "1020000"
"TK", "Tokelau", "<10000"
"TK", "Tokelau", "<10000"
"TO", "Tonga", "20000"
"TO", "Tonga", "20000"
"TT", "Trinidad and Tobago", "880000"
"TT", "Trinidad and Tobago", "<10000"
"TT", "Trinidad and Tobago", "510000"
"TN", "Tunisia", "20000"
"TN", "Tunisia", "<10000"
"TR", "Turkey", "320000"
"TR", "Turkey", "190000"
"TR", "Turkey", "80000"
"TM", "Turkmenistan", "<10000"
"TM", "Turkmenistan", "20000"
"TO", "Tonga", "100000"
"TO", "Tonga", "<10000"
"TO", "Tonga", "70000"
"TT", "Trinidad and Tobago", "350000"
"TT", "Trinidad and Tobago", "20000"
"TN", "Tunisia", "20000"
"TN", "Tunisia", "<10000"
"TN", "Tunisia", "<10000"
"TR", "Turkey", "50000"
"TR", "Turkey", "<10000"
"TM", "Turkmenistan", "320000"
"TM", "Turkmenistan", "270000"
"TM", "Turkmenistan", "30000"
"TC", "Turks and Caicos Islands", "30000"
"TC", "Turks and Caicos Islands", "<10000"
"TC", "Turks and Caicos Islands", "20000"
"TV", "Tuvalu", "<10000"
"TV", "Tuvalu", "<10000"
"UG", "Uganda", "28980000"
"UG", "Uganda", "30000"
"UG", "Uganda", "14840000"
"TC", "Turks and Caicos Islands", "<10000"
"TC", "Turks and Caicos Islands", "<10000"
"TV", "Tuvalu", "<10000"
"TV", "Tuvalu", "<10000"
"TV", "Tuvalu", "<10000"
"UG", "Uganda", "14100000"
"UG", "Uganda", "<10000"
"UA", "Ukraine", "2560000"
"UA", "Ukraine", "80000"
"AE", "United Arab Emirates", "940000"
"AE", "United Arab Emirates", "100000"
"AE", "United Arab Emirates", "100000"
"UA", "Ukraine", "38100000"
"UA", "Ukraine", "34870000"
"UA", "Ukraine", "590000"
"AE", "United Arab Emirates", "750000"
"AE", "United Arab Emirates", "<10000"
"GB", "United Kingdom", "8900000"
"GB", "United Kingdom", "550000"
"GB", "United Kingdom", "39890000"
"GB", "United Kingdom", "500000"
"GB", "United Kingdom", "29950000"
"US", "United States", "243060000"
"US", "United States", "1820000"
"US", "United States", "155550000"
"US", "United States", "75380000"
"US", "United States", "10310000"
"VI", "U.S. Virgin Islands", "30000"
"VI", "U.S. Virgin Islands", "<10000"
"UY", "Uruguay", "1950000"
"UY", "Uruguay", "40000"
"UY", "Uruguay", "210000"
"VI", "U.S. Virgin Islands", "100000"
"VI", "U.S. Virgin Islands", "<10000"
"VI", "U.S. Virgin Islands", "70000"
"UY", "Uruguay", "1580000"
"UY", "Uruguay", "120000"
"UZ", "Uzbekistan", "<10000"
"UZ", "Uzbekistan", "<10000"
"VU", "Vanuatu", "220000"
"VU", "Vanuatu", "<10000"
"VU", "Vanuatu", "190000"
"UZ", "Uzbekistan", "630000"
"UZ", "Uzbekistan", "420000"
"UZ", "Uzbekistan", "200000"
"VU", "Vanuatu", "30000"
"VU", "Vanuatu", "<10000"
"VE", "Venezuela", "22500000"
"VE", "Venezuela", "440000"
"VN", "Vietnam", "7170000"
"VN", "Vietnam", "<10000"
"VN", "Vietnam", "1440000"
"VE", "Venezuela", "25890000"
"VE", "Venezuela", "30000"
"VE", "Venezuela", "2920000"
"VN", "Vietnam", "5700000"
"VN", "Vietnam", "20000"
"WF", "Wallis and Futuna", "10000"
"WF", "Wallis and Futuna", "<10000"
"EH", "Western Sahara", "<10000"
"EH", "Western Sahara", "<10000"
"EH", "Western Sahara", "<10000"
"YE", "Yemen", "<10000"
"YE", "Yemen", "<10000"
"WF", "Wallis and Futuna", "10000"
"WF", "Wallis and Futuna", "<10000"
"WF", "Wallis and Futuna", "<10000"
"EH", "Western Sahara", "<10000"
"EH", "Western Sahara", "<10000"
"YE", "Yemen", "40000"
"YE", "Yemen", "10000"
"YE", "Yemen", "30000"
"ZM", "Zambia", "12770000"
"ZM", "Zambia", "20000"
"ZM", "Zambia", "8880000"
"ZW", "Zimbabwe", "2350000"
"ZW", "Zimbabwe", "80000"
"ZM", "Zambia", "2760000"
"ZM", "Zambia", "1110000"
"ZW", "Zimbabwe", "10930000"
"ZW", "Zimbabwe", "70000"
"ZW", "Zimbabwe", "8430000"
"SS", "South Sudan", "6010000"
"SS", "South Sudan", "<10000"
"SS", "South Sudan", "2060000"
"CW", "Curacao", "110000"
"CW", "Curacao", "<10000"
"SX", "Sint Maarten", "40000"
"SX", "Sint Maarten", "<10000"
"SX", "Sint Maarten", "<10000"
"SS", "South Sudan", "3950000"
"SS", "South Sudan", "<10000"
"CW", "Curacao", "140000"
"CW", "Curacao", "<10000"
"CW", "Curacao", "30000"
"SX", "Sint Maarten", "30000"
"SX", "Sint Maarten", "<10000"
"BQ", "Caribbean Netherlands", "10000"
"BQ", "Caribbean Netherlands", "<10000"
"BQ", "Caribbean Netherlands", "20000"
"BQ", "Caribbean Netherlands", "<10000"
"BQ", "Caribbean Netherlands", "<10000"